[
	{
		"name": "James Bond",
		"description": "Bester Geheimagent aller Zeiten mit 00-Status.",
		"gender": "MALE",
		"features": [
			"PONDEROUSNESS",
			"TOUGHNESS",
			"ROBUST_STOMACH",
			"LUCKY_DEVIL",
			"TRADECRAFT"
		]
	},
	{
		"name": "Teresa di Vicenzo a.k.a. Tracy Bond",
		"description": "Hat kein glückliches Händchen im Spiel und bringt sich selbst standig in Schwierigkeiten. Wenn jemand anders sie braucht, ist sie aber immer zur Stelle.",
		"gender": "FEMALE",
		"features": [
			"NIMBLENESS",
			"BABYSITTER",
			"JINX",
			"HONEY_TRAP"
		]
	},
	{
		"name": "Sir Miles \"M\" Messer",
		"description": "Ein Gentleman der alten Schule mit einem durchdringenden Verstand und scharfer Beobachtungsgabe.",
		"gender": "MALE",
		"features": [
			"SLUGGISHNESS",
			"ROBUST_STOMACH",
			"OBSERVATION",
			"TRADECRAFT"
		]
	},
	{
		"name": "Olivia \"M\" Mansfield",
		"description": "Expertin fur Statistik und improvisierte Feldeinsätze.",
		"gender": "FEMALE",
		"features": [
			"ROBUST_STOMACH",
			"LUCKY_DEVIL",
			"FLAPS_AND_SEALS",
			"OBSERVATION",
			"TRADECRAFT"
		]
	},
	{
		"name": "Gareth \"M\" Mallory",
		"description": "Ein Bürokrat, der mehr draufhat, als man ihm ansieht.",
		"gender": "MALE",
		"features": [
			"AGILITY",
			"TOUGHNESS",
			"OBSERVATION",
			"TRADECRAFT"
		]
	},
	{
		"name": "Eve Moneypenny",
		"description": "Hat eigentlich einen Schreibtischjob, aber naturliches Talent für Zerstorung.",
		"gender": "FEMALE",
		"features": [
			"NIMBLENESS",
			"BANG_AND_BURN",
			"JINX"
		]
	},
	{
		"name": "The Q",
		"description": "Technik-Genie und Bastler. Fühlt sich außerhalb seines Labors leider nirgendwo besonders wohl.",
		"gender": "MALE",
		"features": [
			"LUCKY_DEVIL",
			"OBSERVATION",
			"CONSTANT_CLAMMY_CLOTHES"
		]
	},
	{
		"name": "Felix Leiter",
		"description": "Erfahrener Agent, der weiß, wie das Geschäft läuft.",
		"gender": "MALE",
		"features": [
			"ROBUST_STOMACH",
			"BABYSITTER",
			"TRADECRAFT"
		]
	},
	{
		"name": "Rene Mathis",
		"description": "Jemand, der Dinge organisiert bekommt.",
		"gender": "MALE",
		"features": [
			"SPRYNESS",
			"ROBUST_STOMACH",
			"TRADECRAFT",
			"OBSERVATION"
		]
	},
	{
		"name": "Strawberry Fields",
		"description": "Merkwürdigerweise möchte sie mit ihrem Nachnamen angesprochen werden.",
		"gender": "FEMALE",
		"features": [
			"FLAPS_AND_SEALS"
		]
	},
	{
		"name": "Tiger Tanka",
		"description": "Ein cleverer Agent mit Vorliebe für selbstgebastelte Gadgets und Badekultur.",
		"gender": "MALE",
		"features": [
			"PONDEROUSNESS",
			"LUCKY_DEVIL",
			"BABYSITTER"
		]
	},
	{
		"name": "Kissy Suzuki",
		"description": "Spezialistin für Undercover-Operationen. Egal, wie heiß es hergeht, sie bleibt immer cool.",
		"gender": "FEMALE",
		"features": [
			"NIMBLENESS",
			"TOUGHNESS",
			"TRADECRAFT"
		]
	},
	{
		"name": "Quarrel",
		"description": "Ein hilfreicher, wenn auch leicht abergl¨aubischer, Bursche. H¨alt einiges aus.",
		"gender": "MALE",
		"features": [
			"TOUGHNESS",
			"LUCKY_DEVIL",
			"BABYSITTER"
		]
	},
	{
		"name": "Sylvia Trench",
		"description": "Verliert bei jeder Art von Spiel, macht das aber durch Charme wett, und lässt nichts anbrennen.",
		"gender": "FEMALE",
		"features": [
			"JINX",
			"FLAPS_AND_SEALS",
			"HONEY_TRAP"
		]
	},
	{
		"name": "Honey Ryder",
		"description": "Sammelt gerne Muscheln.",
		"gender": "MALE",
		"features": [
			"PONDEROUSNESS",
			"HONEY_TRAP"
		]
	},
	{
		"name": "Tatiana Romanova",
		"description": "Klaut alles, was nicht niet- und nagelfest ist.",
		"gender": "FEMALE",
		"features": [
			"FLAPS_AND_SEALS",
			"HONEY_TRAP"
		]
	}
]